{
    "seo_enabled": true,
    "seo_title": "TT Down - Download TikTok Videos Without Watermark",
    "seo_description": "Download TikTok videos without watermark. Free, fast and easy TikTok video downloader. Save TikTok videos in HD quality.",
    "seo_keywords": "tiktok downloader, download tiktok videos, tiktok video downloader, no watermark",
    "seo_author": "TT Down Team",
    "seo_robots": "index, follow",
    "seo_canonical": null,
    "seo_og_image": null,
    "seo_twitter_card": "summary_large_image",
    "seo_schema_markup": null,
    "seo_structured_data": true,
    "seo_breadcrumbs": true,
    "seo_amp_enabled": false,
    "seo_compression_enabled": true,
    "seo_cache_enabled": true
}